[
    {
      "firstname": "John",
      "lastname": "Doe",
      "empID": "1000",
      "address": "1234 Main St.",
      "city": "St. John's",
      "phone": "7095551234",
      "email": "johndoe@gmail.com",
      "startdate": "10/28/1998",
      "title": "Store Manager",
      "dept": "002",
      "salary": 174000
    },
    {
      "firstname": "Evelyn",
      "lastname": "Lee",
      "empID": "1001",
      "address": "12450 Sherbrooke E.",
      "city": "St. John's",
      "phone": "5146400941",
      "email": "elee@gmail.com",
      "startdate": "12/20/1998",
      "title": "Assistant Manager",
      "dept": "022",
      "salary": 150000
    },
    {
      "firstname": "Olivia",
      "lastname": "King",
      "empID": "1002",
      "address": "625 Queen St W",
      "city": "St. John's",
      "phone": "4165046138",
      "email": "oking@gmail.com",
      "startdate": "01/25/1999",
      "title": "Assistant Manager",
      "dept": "011",
      "salary": 150000
    },
    {
      "firstname": "Mateo",
      "lastname": "Walker",
      "empID": "1003",
      "address": "140 Sussex Dr.",
      "city": "St. John's",
      "phone": "7784775554",
      "email": "mateowalker@gmail.com",
      "startdate": "01/17/1998",
      "title": "IT Tech",
      "dept": "001",
      "salary": 120000
    },
    {
      "firstname": "Connor",
      "lastname": "Gagne",
      "empID": "1004",
      "address": "68 Heritage Gate",
      "city": "St. John's",
      "phone": "4032524042",
      "email": "connerg@gmail.com",
      "startdate": "06/09/2001",
      "title": "Section Leader",
      "dept": "011",
      "salary": 90000
    },
    {
      "firstname": "Hannah",
      "lastname": "Leblanc",
      "empID": "1005",
      "address": "1381 Regent St.",
      "city": "St. John's",
      "phone": "5064551681",
      "email": "hannahleblanc@gmail.com",
      "startdate": "08/02/2006",
      "title": "Section Leader",
      "dept": "022",
      "salary": 90000
    },
    {
      "firstname": "Victoria",
      "lastname": "Johnston",
      "empID": "1006",
      "address": "1200 Hunter Pl",
      "city": "St. John's",
      "phone": "6048154334",
      "email": "vickyj@gmail.com",
      "startdate": "12/18/2012",
      "title": "Supervisor",
      "dept": "011",
      "salary": 74000
    },
    {
      "firstname": "Addison",
      "lastname": "Walker",
      "empID": "1007",
      "address": "3208 Dougall Ave.",
      "city": "St. John's",
      "phone": "5199661402",
      "email": "addisonwalker@gmail.com",
      "startdate": "03/12/2014",
      "title": "Supervisor",
      "dept": "022",
      "salary": 74000
    },
    {
      "firstname": "Isaac",
      "lastname": "Taylor",
      "empID": "1008",
      "address": "1926 W 4th Ave.",
      "city": "St. John's",
      "phone": "6045687716",
      "email": "itaylor@gmail.com",
      "startdate": "05/26/2018",
      "title": "Associate",
      "dept": "011",
      "salary": 50000
    },
    {
      "firstname": "Claire",
      "lastname": "Campbell",
      "empID": "1009",
      "address": "8 Mission Ave.",
      "city": "St. John's",
      "phone": "7804582232",
      "email": "clairecampbell@gmail.com",
      "startdate": "10/21/2020",
      "title": "Associate",
      "dept": "022",
      "salary": 50000
    }
  ]
  